Resource Name,Total Approximate Free Questions,Access Format,Direct Link
Official AWS Certified Cloud Practitioner Sample Questions,10,PDF (Direct Download),https://d1.awsstatic.com/training-and-certification/docs-cloud-practitioner/AWS-Certified-Cloud-Practitioner_Sample-Questions.pdf
NovelVista Free 200+ Practice Exam Questions,200+,PDF (Download/No Sign-up needed to access PDF on site),https://www.novelvista.com/blogs/cloud-and-aws/aws-cloud-practitioner-practice-exam
ExamTopics CLF-C02 Free Questions (Community Sourced),700+ (Free to browse a large portion),Web Page (Browse Questions & Answers),https://www.examtopics.com/exams/amazon/aws-certified-cloud-practitioner/
Kananinirav AWS CCP Practice Exams (Multiple Tests),100+ (23 individual linked practice exams),Web Page (Individual Exams),https://kananinirav.com/practice-exam/exams.html
GitHub: CLF-C02 Practice Tests (Community Maintained),50+ (Questions spread across multiple .md files),GitHub Repository (Markdown Files),https://github.com/kananinirav/AWS-Certified-Cloud-Practitioner-Notes/tree/master/practice-exam
Digital Cloud Training Free Sample Questions,10+,Web Page (Individual Questions),https://digitalcloud.training/aws-cloud-practitioner-free-practice-questions/
Tutorials Dojo Free Practice Sampler,30,Online Practice Test (Free Sampler),https://portal.tutorialsdojo.com/courses/free-aws-certified-cloud-practitioner-practice-exams-sampler/
Vinsys Top 40 Practice MCQs,40,Web Page (List of Questions and Answers),https://www.vinsys.com/blog/aws-cloud-practitioner-certification-exam-mcqs
Scribd Sample Questions (Free Preview/Download depends on account),10+,"PDF (Preview available, direct link)",https://www.scribd.com/document/424857886/AWS-Certified-Cloud-Practitioner-Sample-Questions-pdf
